							
							
							
							#COMMIT
							
							
							
							
mysql> set autocommit=off;
Query OK, 0 rows affected (0.00 sec)

mysql> select * from employee;
+-------+------+--------+-----------+
| name  | id   | salary | phone     |
+-------+------+--------+-----------+
| jibin |    1 |  25000 | 945682652 |
| jibin |    1 |  25000 |  94568261 |
+-------+------+--------+-----------+
2 rows in set (0.02 sec)

mysql> insert into employee values('john',2,52660,65826595);
Query OK, 1 row affected (0.00 sec)

mysql> commit;
Query OK, 0 rows affected (0.49 sec)

mysql> select * from employee;
+-------+------+--------+-----------+
| name  | id   | salary | phone     |
+-------+------+--------+-----------+
| jibin |    1 |  25000 | 945682652 |
| jibin |    1 |  25000 |  94568261 |
| john  |    2 |  52660 |  65826595 |
+-------+------+--------+-----------+
3 rows in set (0.00 sec)



							#ROLLBACK
		
		
mysql> set autocommit=off;
Query OK, 0 rows affected (0.00 sec)

mysql> delete from employee where id=1;
Query OK, 2 rows affected (0.00 sec)

mysql> select * from employee;
+------+------+--------+----------+
| name | id   | salary | phone    |
+------+------+--------+----------+
| john |    2 |  52660 | 65826595 |
+------+------+--------+----------+
1 row in set (0.00 sec)

mysql> rollback;
Query OK, 0 rows affected (0.44 sec)

mysql> select * from employee;
+-------+------+--------+-----------+
| name  | id   | salary | phone     |
+-------+------+--------+-----------+
| jibin |    1 |  25000 | 945682652 |
| jibin |    1 |  25000 |  94568261 |
| john  |    2 |  52660 |  65826595 |
+-------+------+--------+-----------+
3 rows in set (0.00 sec)




mysql> set autocommit=off;
Query OK, 0 rows affected (0.00 sec)

mysql> select * from employee;
+-------+------+--------+-----------+
| name  | id   | salary | phone     |
+-------+------+--------+-----------+
| jibin |    1 |  25000 | 945682652 |
| jibin |    1 |  25000 |  94568261 |
| john  |    2 |  52660 |  65826595 |
+-------+------+--------+-----------+
3 rows in set (0.00 sec)

mysql> insert into employee values('Alen',3,45660,65654546);
Query OK, 1 row affected (0.00 sec)

mysql> savepoint s1;
Query OK, 0 rows affected (0.00 sec)


mysql> insert into employee values('abu',5,85660,85233556);
Query OK, 1 row affected (0.00 sec)

mysql> savepoint s2;
Query OK, 0 rows affected (0.00 sec)

mysql> insert into employee values('alvin',4,35660,7598546);
Query OK, 1 row affected (0.00 sec)

mysql> savepoint s3;
Query OK, 0 rows affected (0.00 sec)

mysql> select * from employee;
+-------+------+--------+-----------+
| name  | id   | salary | phone     |
+-------+------+--------+-----------+
| jibin |    1 |  25000 | 945682652 |
| jibin |    1 |  25000 |  94568261 |
| john  |    2 |  52660 |  65826595 |
| Alen  |    3 |  45660 |  65654546 |
| alvin |    4 |  35660 |   7598546 |
| abu   |    5 |  85660 |  85233556 |
| alvin |    4 |  35660 |   7598546 |
+-------+------+--------+-----------+
7 rows in set (0.00 sec)

mysql> rollback to s2;
Query OK, 0 rows affected (0.00 sec)

mysql> select * from employee;
+-------+------+--------+-----------+
| name  | id   | salary | phone     |
+-------+------+--------+-----------+
| jibin |    1 |  25000 | 945682652 |
| jibin |    1 |  25000 |  94568261 |
| john  |    2 |  52660 |  65826595 |
| Alen  |    3 |  45660 |  65654546 |
| alvin |    4 |  35660 |   7598546 |
| abu   |    5 |  85660 |  85233556 |
+-------+------+--------+-----------+
6 rows in set (0.00 sec)


			
						#CREATE USERS




mysql> create user JIBIN@'localhost' IDENTIFIED BY 'JIBIN';
Query OK, 0 rows affected (0.38 sec)

mysql> create user DAS@'localhost' identified by 'DAS';
Query OK, 0 rows affected (0.14 sec)



					#SELECT PERMISSION TO USER JIBIN




mysql> grant select on INVOICE.Customer to JIBIN@'localhost';
Query OK, 0 rows affected (0.51 sec)

mysql> show grants for JIBIN@'localhost';
+-------------------------------------------------------------+
| Grants for JIBIN@localhost                                  |
+-------------------------------------------------------------+
| GRANT USAGE ON *.* TO `JIBIN`@`localhost`                   |
| GRANT SELECT ON `INVOICE`.`Customer` TO `JIBIN`@`localhost` |
+-------------------------------------------------------------+
2 rows in set (0.00 sec)




					#SELECT,UPDATE PERMISSION TO USER DAS




mysql> grant select,update on INVOICE.Customer to DAS@'localhost';
Query OK, 0 rows affected (0.12 sec)

mysql> show grants for DAS@'localhost';
+-------------------------------------------------------------------+
| Grants for DAS@localhost                                          |
+-------------------------------------------------------------------+
| GRANT USAGE ON *.* TO `DAS`@`localhost`                           |
| GRANT SELECT, UPDATE ON `INVOICE`.`Customer` TO `DAS`@`localhost` |
+-------------------------------------------------------------------+
2 rows in set (0.00 sec)






						#REVOKE


mysql> revoke select on INVOICE.Customer from DAS@'localhost';
Query OK, 0 rows affected (0.09 sec)

mysql> show grants for DAS@'localhost';
+-----------------------------------------------------------+
| Grants for DAS@localhost                                  |
+-----------------------------------------------------------+
| GRANT USAGE ON *.* TO `DAS`@`localhost`                   |
| GRANT UPDATE ON `INVOICE`.`Customer` TO `DAS`@`localhost` |
+-----------------------------------------------------------+
2 rows in set (0.00 sec)

mysql> 

//VERIFIED




		
