			
			
			
			#1.CREATE PROCEDURE TO DISPLAY ALL TABLES IN THE INVOICE DATABASE



mysql> delimiter //
mysql> create procedure T4()
    -> begin
    -> select * from Customer;
    -> select * from Product;
    -> select * from Invoice_item;
    -> select * from Invoice_master;
    -> end //
Query OK, 0 rows affected (0.11 sec)

mysql> call T4()
    -> //
+-------------+--------+---------+-----------+------------+
| customer_id | name   | address | city      | phone_no   |
+-------------+--------+---------+-----------+------------+
|       10001 | jibin  | jjjjjj  | calicut   | 6598565236 |
|       10002 | aleeka | jjjjjj  | ekm       | 8564526535 |
|       10003 | abu    | aaaaa   | tvm       | 6598563254 |
|       10004 | anil   | bbbbb   | ekm       |       NULL |
|       10005 | alok   | llllll  | kozhikode | 9465253654 |
+-------------+--------+---------+-----------+------------+
5 rows in set (0.00 sec)

+------+--------+-------+
| p_id | p_name | price |
+------+--------+-------+
|    1 | pen    |    11 |
|    2 | pencil |    17 |
|    3 | soap   |    77 |
|    4 | bag    |   495 |
|    5 | bottle |   110 |
+------+--------+-------+
5 rows in set (0.00 sec)

+--------+------+----------+
| inv_id | p_id | quantity |
+--------+------+----------+
|    101 |    1 |        2 |
|    101 |    2 |        2 |
|    102 |    3 |        1 |
|    103 |    4 |        1 |
|    104 |    5 |        2 |
|    105 |    4 |        1 |
|    104 |    4 |        4 |
+--------+------+----------+
7 rows in set (0.00 sec)

+--------+-------------+------------+
| inv_id | customer_id | inv_date   |
+--------+-------------+------------+
|    101 |       10001 | 2021-01-25 |
|    102 |       10002 | 2021-03-22 |
|    103 |       10004 | 2023-09-26 |
|    104 |       10004 | 2022-08-15 |
|    105 |       10001 | 2023-07-16 |
+--------+-------------+------------+
5 rows in set (0.00 sec)

Query OK, 0 rows affected (0.00 sec)

mysql> 

//VERIFIED
