					
					
					
					
						#1. LIST ALL CUSTOMER DETAILS



mysql> select* from Customer;
+-------------+-------+---------+-----------+------------+
| customer_id | name  | address | city      | phone_no   |
+-------------+-------+---------+-----------+------------+
|       10002 | allen | jjjjjj  | ekm       | 8564526535 |
|       10005 | alok  | llllll  | kozhikode | 9465253654 |
+-------------+-------+---------+-----------+------------+
2 rows in set (0.43 sec)


						#2. LIST PNAME,PRICE OF ALL PRODUCT
	
mysql> select* from Product;
+------+--------+-------+
| p_id | p_name | price |
+------+--------+-------+
|    1 | pen    |    11 |
|    2 | pencil |    17 |
|    3 | soap   |    77 |
|    4 | bag    |   495 |
|    5 | bottle |   110 |
+------+--------+-------+
5 rows in set (0.41 sec)
	
	
mysql> select p_name,price from Product;
+--------+-------+
| p_name | price |
+--------+-------+
| pen    |    11 |
| pencil |    17 |
| soap   |    77 |
| bag    |   495 |
| bottle |   110 |
+--------+-------+
5 rows in set (0.00 sec)

		
		
					#3. LIST ALL INVOICE ITEMS,AVOID DUPLICAT  (invoice item)
		
		
mysql> select * from Invoice_item;
+--------+------+----------+
| inv_id | p_id | quantity |
+--------+------+----------+
|    101 |    1 |        2 |
|    101 |    2 |        2 |
|    102 |    3 |        1 |
|    103 |    4 |        1 |
|    104 |    5 |        2 |
|    105 |    4 |        1 |
|    104 |    4 |        4 |
+--------+------+----------+
7 rows in set (0.00 sec)


mysql> select distinct p_id from Invoice_item;
+------+
| p_id |
+------+
|    1 |
|    2 |
|    3 |
|    4 |
|    5 |
+------+
5 rows in set (0.00 sec)



	
					#4. LIST PRODUCT PRICE BETWEEN 50rs AND 150rs
			
				

mysql> select * from Product;
+------+--------+-------+
| p_id | p_name | price |
+------+--------+-------+
|    1 | pen    |    11 |
|    2 | pencil |    17 |
|    3 | soap   |    77 |
|    4 | bag    |   495 |
|    5 | bottle |   110 |
+------+--------+-------+
5 rows in set (0.00 sec)


mysql> select * from Product where price between 50 and 150;
+------+--------+-------+
| p_id | p_name | price |
+------+--------+-------+
|    3 | soap   |    77 |
|    5 | bottle |   110 |
+------+--------+-------+
2 rows in set (0.00 sec)



					#5. LIST THE CUSTOMER DETAILS WHO LIVES IN 'EKM','TVM'
			
			

mysql> select * from Customer;
+-------------+-------+---------+-----------+------------+
| customer_id | name  | address | city      | phone_no   |
+-------------+-------+---------+-----------+------------+
|       10001 | jibin | jjjjjj  | calicut   | 6598565236 |
|       10002 | allen | jjjjjj  | ekm       | 8564526535 |
|       10003 | abu   | aaaaa   | tvm       | 6598563254 |
|       10004 | anil  | bbbbb   | ekm       |       NULL |
|       10005 | alok  | llllll  | kozhikode | 9465253654 |
+-------------+-------+---------+-----------+------------+
5 rows in set (0.00 sec)


mysql> select * from Customer where city in('ekm','tvm');
+-------------+-------+---------+------+------------+
| customer_id | name  | address | city | phone_no   |
+-------------+-------+---------+------+------------+
|       10002 | allen | jjjjjj  | ekm  | 8564526535 |
|       10003 | abu   | aaaaa   | tvm  | 6598563254 |
|       10004 | anil  | bbbbb   | ekm  |       NULL |
+-------------+-------+---------+------+------------+
3 rows in set (0.00 sec)


//VERIFIED


