



				#1. LIST THE CUSTOMER NAME OF INVOICE DATE 3RD FEB 2018
				
				

mysql> select * from Customer;
+-------------+-------+---------+-----------+------------+
| customer_id | name  | address | city      | phone_no   |
+-------------+-------+---------+-----------+------------+
|       10001 | jibin | jjjjjj  | calicut   | 6598565236 |
|       10002 | allen | jjjjjj  | ekm       | 8564526535 |
|       10003 | abu   | aaaaa   | tvm       | 6598563254 |
|       10004 | anil  | bbbbb   | ekm       |       NULL |
|       10005 | alok  | llllll  | kozhikode | 9465253654 |
+-------------+-------+---------+-----------+------------+
5 rows in set (0.00 sec)

mysql> select * from Invoice_master;
+--------+-------------+------------+
| inv_id | customer_id | inv_date   |
+--------+-------------+------------+
|    101 |       10001 | 2021-01-25 |
|    102 |       10002 | 2021-03-22 |
|    103 |       10004 | 2023-09-26 |
|    104 |       10004 | 2022-08-15 |
|    105 |       10001 | 2023-07-16 |
+--------+-------------+------------+
5 rows in set (0.00 sec)

mysql> select name from Customer where customer_id  in(select customer_id from Invoice_master where inv_date='2023-07-16');
+-------+
| name  |
+-------+
| jibin |
+-------+
1 row in set (0.00 sec)
			
			
			
			
			
				#2. LIST THE PRODUCT NAME AND PRICE OF EACH INVOICE ITEM
				


mysql> select * from Invoice_item;
+--------+------+----------+
| inv_id | p_id | quantity |
+--------+------+----------+
|    101 |    1 |        2 |
|    101 |    2 |        2 |
|    102 |    3 |        1 |
|    103 |    4 |        1 |
|    104 |    5 |        2 |
|    105 |    4 |        1 |
|    104 |    4 |        4 |
+--------+------+----------+
7 rows in set (0.00 sec)

mysql> select * from Product;
+------+--------+-------+
| p_id | p_name | price |
+------+--------+-------+
|    1 | pen    |    11 |
|    2 | pencil |    17 |
|    3 | soap   |    77 |
|    4 | bag    |   495 |
|    5 | bottle |   110 |
+------+--------+-------+
5 rows in set (0.00 sec)


			
				
mysql> select p_name,price from Product  where p_id  in(select p_id from Invoice_item);
+--------+-------+
| p_name | price |
+--------+-------+
| pen    |    11 |
| pencil |    17 |
| soap   |    77 |
| bag    |   495 |
| bottle |   110 |
+--------+-------+
5 rows in set (0.01 sec)

mysql> 
	
